-- phpMyAdmin SQL Dump
-- version 4.7.0
-- https://www.phpmyadmin.net/
--
-- Host: 127.0.0.1
-- Generation Time: Sep 26, 2017 at 08:46 AM
-- Server version: 10.1.26-MariaDB
-- PHP Version: 7.1.8

SET SQL_MODE = "NO_AUTO_VALUE_ON_ZERO";
SET AUTOCOMMIT = 0;
START TRANSACTION;
SET time_zone = "+00:00";


/*!40101 SET @OLD_CHARACTER_SET_CLIENT=@@CHARACTER_SET_CLIENT */;
/*!40101 SET @OLD_CHARACTER_SET_RESULTS=@@CHARACTER_SET_RESULTS */;
/*!40101 SET @OLD_COLLATION_CONNECTION=@@COLLATION_CONNECTION */;
/*!40101 SET NAMES utf8mb4 */;

--
-- Database: `detect`
--

-- --------------------------------------------------------

--
-- Table structure for table `count`
--

CREATE TABLE `count` (
  `IP_Address` varchar(50) NOT NULL,
  `PC_Name` varchar(30) NOT NULL,
  `OpenPorts` varchar(50) NOT NULL,
  `Vulnerability` varchar(50) NOT NULL
) ENGINE=InnoDB DEFAULT CHARSET=latin1;

--
-- Dumping data for table `count`
--

INSERT INTO `count` (`IP_Address`, `PC_Name`, `OpenPorts`, `Vulnerability`) VALUES
('146.64.204.100', 'IDLAMINI-NB1', '6', 'HIGH'),
('146.64.204.101', '146.64.204.101', '2', 'LOW'),
('146.64.204.104', '146.64.204.104', '2', 'LOW'),
('146.64.204.106', '146.64.204.106', '2', 'LOW'),
('146.64.204.108', '146.64.204.108', '8', 'HIGH'),
('146.64.204.53', '146.64.204.53', '2', 'LOW'),
('146.64.204.54', 'MACBOOKPRO-15E5', '1', 'LOW'),
('146.64.204.55', 'LMALINGA-WS1', '7', 'HIGH'),
('146.64.204.70', 'SJANUARY-NB1', '7', 'HIGH'),
('146.64.204.75', 'VRADZILANI-NB2', '3', 'MEDIUM'),
('146.64.204.80', '146.64.204.80', '2', 'LOW'),
('146.64.204.89', 'MTSHIOLOLI-WS1.csir.co.za', '17', 'HIGH'),
('146.64.204.91', '146.64.204.91', '2', 'LOW'),
('146.64.204.93', '146.64.204.93', '2', 'LOW');

-- --------------------------------------------------------

--
-- Table structure for table `details`
--

CREATE TABLE `details` (
  `IP_Address` varchar(50) NOT NULL,
  `MAC_Address` varchar(50) NOT NULL,
  `PC_Name` varchar(50) NOT NULL,
  `Status` varchar(50) NOT NULL,
  `P_name` varchar(100) NOT NULL
) ENGINE=InnoDB DEFAULT CHARSET=latin1;

--
-- Dumping data for table `details`
--

INSERT INTO `details` (`IP_Address`, `MAC_Address`, `PC_Name`, `Status`, `P_name`) VALUES
('146.64.204.53', 'B8:CA:3A:B5:53:68', '146.64.204.53', 'Offline', ''),
('146.64.204.54', '10:DD:B1:B7:15:E5', 'MACBOOKPRO-15E5', 'Online', ''),
('146.64.204.55', '00:1E:4F:EF:E3:A8', 'LMALINGA-WS1', 'Online', ''),
('146.64.204.70', 'F8:CA:B8:3A:CD:69', 'SJANUARY-NB1', 'Online', ''),
('146.64.204.75', 'A4:4C:C8:CF:16:6D', 'VRADZILANI-NB2', 'Online', ''),
('146.64.204.80', '90:B1:1C:90:C0:54', '146.64.204.80', 'Offline', ''),
('146.64.204.93', '00:23:AE:7F:63:D6', '146.64.204.93', 'Offline', ''),
('146.64.204.100', 'F0:1F:AF:1C:7E:7B', 'IDLAMINI-NB1', 'Online', ''),
('146.64.204.101', '18:DB:F2:41:79:A0', '146.64.204.101', 'Offline', ''),
('146.64.204.102', '90:B1:1C:92:83:AC', '146.64.204.102', 'Offline', ''),
('146.64.204.104', '34:17:EB:D9:7B:49', '146.64.204.104', 'Offline', ''),
('146.64.204.106', '18:66:DA:0C:9D:2A', '146.64.204.106', 'Offline', ''),
('146.64.204.108', '50:9A:4C:40:77:96', '146.64.204.108', 'Offline', ''),
('146.64.204.89', '', 'MTSHIOLOLI-WS1.csir.co.za', 'Online', '');

-- --------------------------------------------------------

--
-- Table structure for table `django_migrations`
--

CREATE TABLE `django_migrations` (
  `id` int(11) NOT NULL,
  `app` varchar(255) NOT NULL,
  `name` varchar(255) NOT NULL,
  `applied` datetime(6) NOT NULL
) ENGINE=InnoDB DEFAULT CHARSET=latin1;

-- --------------------------------------------------------

--
-- Table structure for table `local_pc`
--

CREATE TABLE `local_pc` (
  `ip` varchar(225) NOT NULL,
  `mac` varchar(225) NOT NULL,
  `pc_name` varchar(225) NOT NULL,
  `status` varchar(225) NOT NULL
) ENGINE=InnoDB DEFAULT CHARSET=latin1;

--
-- Dumping data for table `local_pc`
--

INSERT INTO `local_pc` (`ip`, `mac`, `pc_name`, `status`) VALUES
('146.64.204.48', '50:9A:4C:40:74:34', 'MSEANEGO-WS4', 'Online'),
('146.64.204.55', '00:1E:4F:EF:E3:A8', 'LMALINGA-WS1', 'Online'),
('146.64.204.57', 'EC:F4:BB:71:B4:EA', 'BMAHOLWANA-NB1', 'Online'),
('146.64.204.70', 'F8:CA:B8:3A:CD:69', 'SJANUARY-NB1', 'Online'),
('146.64.204.75', 'A4:4C:C8:CF:16:6D', 'VRADZILANI-NB2', 'Online'),
('146.64.204.85', '50:9A:4C:40:76:D8', 'MSEANEGO-WS6', 'Online'),
('146.64.204.100', 'F0:1F:AF:1C:7E:7B', 'IDLAMINI-NB1', 'Online'),
('146.64.204.105', '20:47:47:C2:63:CF', 'JPVENTER-NB1', 'Online'),
('146.64.204.89', '', 'MTSHIOLOLI-WS1.csir.co.za', 'Online'),
('146.64.204.48', '50:9A:4C:40:74:34', 'MSEANEGO-WS4', 'Online'),
('146.64.204.55', '00:1E:4F:EF:E3:A8', 'LMALINGA-WS1', 'Online'),
('146.64.204.70', 'F8:CA:B8:3A:CD:69', 'SJANUARY-NB1', 'Online'),
('146.64.204.75', 'A4:4C:C8:CF:16:6D', 'VRADZILANI-NB2', 'Online'),
('146.64.204.100', 'F0:1F:AF:1C:7E:7B', 'IDLAMINI-NB1', 'Online'),
('146.64.204.105', '20:47:47:C2:63:CF', 'JPVENTER-NB1', 'Online'),
('146.64.204.89', '', 'MTSHIOLOLI-WS1.csir.co.za', 'Online'),
('146.64.204.48', '50:9A:4C:40:74:34', 'MSEANEGO-WS4', 'Online'),
('146.64.204.55', '00:1E:4F:EF:E3:A8', 'LMALINGA-WS1', 'Online'),
('146.64.204.70', 'F8:CA:B8:3A:CD:69', 'SJANUARY-NB1', 'Online'),
('146.64.204.75', 'A4:4C:C8:CF:16:6D', 'VRADZILANI-NB2', 'Online'),
('146.64.204.100', 'F0:1F:AF:1C:7E:7B', 'IDLAMINI-NB1', 'Online'),
('146.64.204.105', '20:47:47:C2:63:CF', 'JPVENTER-NB1', 'Online'),
('146.64.204.89', '', 'MTSHIOLOLI-WS1.csir.co.za', 'Online'),
('146.64.204.48', '50:9A:4C:40:74:34', 'MSEANEGO-WS4', 'Online'),
('146.64.204.55', '00:1E:4F:EF:E3:A8', 'LMALINGA-WS1', 'Online'),
('146.64.204.70', 'F8:CA:B8:3A:CD:69', 'SJANUARY-NB1', 'Online'),
('146.64.204.75', 'A4:4C:C8:CF:16:6D', 'VRADZILANI-NB2', 'Online'),
('146.64.204.100', 'F0:1F:AF:1C:7E:7B', 'IDLAMINI-NB1', 'Online'),
('146.64.204.105', '20:47:47:C2:63:CF', 'JPVENTER-NB1', 'Online'),
('146.64.204.89', '', 'MTSHIOLOLI-WS1.csir.co.za', 'Online'),
('146.64.204.48', '50:9A:4C:40:74:34', 'MSEANEGO-WS4', 'Online'),
('146.64.204.55', '00:1E:4F:EF:E3:A8', 'LMALINGA-WS1', 'Online'),
('146.64.204.70', 'F8:CA:B8:3A:CD:69', 'SJANUARY-NB1', 'Online'),
('146.64.204.75', 'A4:4C:C8:CF:16:6D', 'VRADZILANI-NB2', 'Online'),
('146.64.204.100', 'F0:1F:AF:1C:7E:7B', 'IDLAMINI-NB1', 'Online'),
('146.64.204.105', '20:47:47:C2:63:CF', 'JPVENTER-NB1', 'Online'),
('146.64.204.89', '', 'MTSHIOLOLI-WS1.csir.co.za', 'Online'),
('146.64.204.48', '50:9A:4C:40:74:34', 'MSEANEGO-WS4', 'Online'),
('146.64.204.55', '00:1E:4F:EF:E3:A8', 'LMALINGA-WS1', 'Online'),
('146.64.204.70', 'F8:CA:B8:3A:CD:69', 'SJANUARY-NB1', 'Online'),
('146.64.204.75', 'A4:4C:C8:CF:16:6D', 'VRADZILANI-NB2', 'Online'),
('146.64.204.100', 'F0:1F:AF:1C:7E:7B', 'IDLAMINI-NB1', 'Online'),
('146.64.204.105', '20:47:47:C2:63:CF', 'JPVENTER-NB1', 'Online'),
('146.64.204.89', '', 'MTSHIOLOLI-WS1.csir.co.za', 'Online'),
('146.64.204.48', '50:9A:4C:40:74:34', 'MSEANEGO-WS4', 'Online'),
('146.64.204.55', '00:1E:4F:EF:E3:A8', 'LMALINGA-WS1', 'Online'),
('146.64.204.70', 'F8:CA:B8:3A:CD:69', 'SJANUARY-NB1', 'Online'),
('146.64.204.75', 'A4:4C:C8:CF:16:6D', 'VRADZILANI-NB2', 'Online'),
('146.64.204.100', 'F0:1F:AF:1C:7E:7B', 'IDLAMINI-NB1', 'Online'),
('146.64.204.105', '20:47:47:C2:63:CF', 'JPVENTER-NB1', 'Online'),
('146.64.204.89', '', 'MTSHIOLOLI-WS1.csir.co.za', 'Online'),
('146.64.204.48', '50:9A:4C:40:74:34', 'MSEANEGO-WS4', 'Online'),
('146.64.204.55', '00:1E:4F:EF:E3:A8', 'LMALINGA-WS1', 'Online'),
('146.64.204.70', 'F8:CA:B8:3A:CD:69', 'SJANUARY-NB1', 'Online'),
('146.64.204.75', 'A4:4C:C8:CF:16:6D', 'VRADZILANI-NB2', 'Online'),
('146.64.204.100', 'F0:1F:AF:1C:7E:7B', 'IDLAMINI-NB1', 'Online'),
('146.64.204.105', '20:47:47:C2:63:CF', 'JPVENTER-NB1', 'Online'),
('146.64.204.89', '', 'MTSHIOLOLI-WS1.csir.co.za', 'Online'),
('146.64.204.48', '50:9A:4C:40:74:34', 'MSEANEGO-WS4', 'Online'),
('146.64.204.55', '00:1E:4F:EF:E3:A8', 'LMALINGA-WS1', 'Online'),
('146.64.204.70', 'F8:CA:B8:3A:CD:69', 'SJANUARY-NB1', 'Online'),
('146.64.204.75', 'A4:4C:C8:CF:16:6D', 'VRADZILANI-NB2', 'Online'),
('146.64.204.100', 'F0:1F:AF:1C:7E:7B', 'IDLAMINI-NB1', 'Online'),
('146.64.204.105', '20:47:47:C2:63:CF', 'JPVENTER-NB1', 'Online'),
('146.64.204.89', '', 'MTSHIOLOLI-WS1.csir.co.za', 'Online'),
('146.64.204.48', '50:9A:4C:40:74:34', 'MSEANEGO-WS4', 'Online'),
('146.64.204.55', '00:1E:4F:EF:E3:A8', 'LMALINGA-WS1', 'Online'),
('146.64.204.70', 'F8:CA:B8:3A:CD:69', 'SJANUARY-NB1', 'Online'),
('146.64.204.75', 'A4:4C:C8:CF:16:6D', 'VRADZILANI-NB2', 'Online'),
('146.64.204.100', 'F0:1F:AF:1C:7E:7B', 'IDLAMINI-NB1', 'Online'),
('146.64.204.105', '20:47:47:C2:63:CF', 'JPVENTER-NB1', 'Online'),
('146.64.204.89', '', 'MTSHIOLOLI-WS1.csir.co.za', 'Online'),
('146.64.204.48', '50:9A:4C:40:74:34', 'MSEANEGO-WS4', 'Online'),
('146.64.204.55', '00:1E:4F:EF:E3:A8', 'LMALINGA-WS1', 'Online'),
('146.64.204.70', 'F8:CA:B8:3A:CD:69', 'SJANUARY-NB1', 'Online'),
('146.64.204.75', 'A4:4C:C8:CF:16:6D', 'VRADZILANI-NB2', 'Online'),
('146.64.204.100', 'F0:1F:AF:1C:7E:7B', 'IDLAMINI-NB1', 'Online'),
('146.64.204.105', '20:47:47:C2:63:CF', 'JPVENTER-NB1', 'Online'),
('146.64.204.89', '', 'MTSHIOLOLI-WS1.csir.co.za', 'Online'),
('146.64.204.48', '50:9A:4C:40:74:34', 'MSEANEGO-WS4', 'Online'),
('146.64.204.48', '50:9A:4C:40:74:34', 'MSEANEGO-WS4', 'Online'),
('146.64.204.55', '00:1E:4F:EF:E3:A8', 'LMALINGA-WS1', 'Online'),
('146.64.204.55', '00:1E:4F:EF:E3:A8', 'LMALINGA-WS1', 'Online'),
('146.64.204.70', 'F8:CA:B8:3A:CD:69', 'SJANUARY-NB1', 'Online'),
('146.64.204.70', 'F8:CA:B8:3A:CD:69', 'SJANUARY-NB1', 'Online'),
('146.64.204.75', 'A4:4C:C8:CF:16:6D', 'VRADZILANI-NB2', 'Online'),
('146.64.204.75', 'A4:4C:C8:CF:16:6D', 'VRADZILANI-NB2', 'Online'),
('146.64.204.100', 'F0:1F:AF:1C:7E:7B', 'IDLAMINI-NB1', 'Online'),
('146.64.204.100', 'F0:1F:AF:1C:7E:7B', 'IDLAMINI-NB1', 'Online'),
('146.64.204.105', '20:47:47:C2:63:CF', 'JPVENTER-NB1', 'Online'),
('146.64.204.105', '20:47:47:C2:63:CF', 'JPVENTER-NB1', 'Online'),
('146.64.204.89', '', 'MTSHIOLOLI-WS1.csir.co.za', 'Online'),
('146.64.204.89', '', 'MTSHIOLOLI-WS1.csir.co.za', 'Online'),
('146.64.204.48', '50:9A:4C:40:74:34', 'MSEANEGO-WS4', 'Online'),
('146.64.204.55', '00:1E:4F:EF:E3:A8', 'LMALINGA-WS1', 'Online'),
('146.64.204.70', 'F8:CA:B8:3A:CD:69', 'SJANUARY-NB1', 'Online'),
('146.64.204.75', 'A4:4C:C8:CF:16:6D', 'VRADZILANI-NB2', 'Online'),
('146.64.204.100', 'F0:1F:AF:1C:7E:7B', 'IDLAMINI-NB1', 'Online'),
('146.64.204.105', '20:47:47:C2:63:CF', 'JPVENTER-NB1', 'Online'),
('146.64.204.89', '', 'MTSHIOLOLI-WS1.csir.co.za', 'Online'),
('146.64.204.48', '50:9A:4C:40:74:34', 'MSEANEGO-WS4', 'Online'),
('146.64.204.55', '00:1E:4F:EF:E3:A8', 'LMALINGA-WS1', 'Online'),
('146.64.204.70', 'F8:CA:B8:3A:CD:69', 'SJANUARY-NB1', 'Online'),
('146.64.204.75', 'A4:4C:C8:CF:16:6D', 'VRADZILANI-NB2', 'Online'),
('146.64.204.100', 'F0:1F:AF:1C:7E:7B', 'IDLAMINI-NB1', 'Online'),
('146.64.204.105', '20:47:47:C2:63:CF', 'JPVENTER-NB1', 'Online'),
('146.64.204.89', '', 'MTSHIOLOLI-WS1.csir.co.za', 'Online'),
('146.64.204.48', '50:9A:4C:40:74:34', 'MSEANEGO-WS4', 'Online'),
('146.64.204.55', '00:1E:4F:EF:E3:A8', 'LMALINGA-WS1', 'Online'),
('146.64.204.70', 'F8:CA:B8:3A:CD:69', 'SJANUARY-NB1', 'Online'),
('146.64.204.75', 'A4:4C:C8:CF:16:6D', 'VRADZILANI-NB2', 'Online'),
('146.64.204.100', 'F0:1F:AF:1C:7E:7B', 'IDLAMINI-NB1', 'Online'),
('146.64.204.105', '20:47:47:C2:63:CF', 'JPVENTER-NB1', 'Online'),
('146.64.204.89', '', 'MTSHIOLOLI-WS1.csir.co.za', 'Online'),
('146.64.204.48', '50:9A:4C:40:74:34', 'MSEANEGO-WS4', 'Online'),
('146.64.204.55', '00:1E:4F:EF:E3:A8', 'LMALINGA-WS1', 'Online'),
('146.64.204.70', 'F8:CA:B8:3A:CD:69', 'SJANUARY-NB1', 'Online'),
('146.64.204.75', 'A4:4C:C8:CF:16:6D', 'VRADZILANI-NB2', 'Online'),
('146.64.204.100', 'F0:1F:AF:1C:7E:7B', 'IDLAMINI-NB1', 'Online'),
('146.64.204.105', '20:47:47:C2:63:CF', 'JPVENTER-NB1', 'Online'),
('146.64.204.89', '', 'MTSHIOLOLI-WS1.csir.co.za', 'Online'),
('146.64.204.48', '50:9A:4C:40:74:34', 'MSEANEGO-WS4', 'Online'),
('146.64.204.55', '00:1E:4F:EF:E3:A8', 'LMALINGA-WS1', 'Online'),
('146.64.204.70', 'F8:CA:B8:3A:CD:69', 'SJANUARY-NB1', 'Online'),
('146.64.204.75', 'A4:4C:C8:CF:16:6D', 'VRADZILANI-NB2', 'Online'),
('146.64.204.100', 'F0:1F:AF:1C:7E:7B', 'IDLAMINI-NB1', 'Online'),
('146.64.204.105', '20:47:47:C2:63:CF', 'JPVENTER-NB1', 'Online'),
('146.64.204.89', '', 'MTSHIOLOLI-WS1.csir.co.za', 'Online'),
('146.64.204.48', '50:9A:4C:40:74:34', 'MSEANEGO-WS4', 'Online'),
('146.64.204.55', '00:1E:4F:EF:E3:A8', 'LMALINGA-WS1', 'Online'),
('146.64.204.70', 'F8:CA:B8:3A:CD:69', 'SJANUARY-NB1', 'Online'),
('146.64.204.75', 'A4:4C:C8:CF:16:6D', 'VRADZILANI-NB2', 'Online'),
('146.64.204.100', 'F0:1F:AF:1C:7E:7B', 'IDLAMINI-NB1', 'Online'),
('146.64.204.105', '20:47:47:C2:63:CF', 'JPVENTER-NB1', 'Online'),
('146.64.204.89', '', 'MTSHIOLOLI-WS1.csir.co.za', 'Online'),
('146.64.204.48', '50:9A:4C:40:74:34', 'MSEANEGO-WS4', 'Online'),
('146.64.204.55', '00:1E:4F:EF:E3:A8', 'LMALINGA-WS1', 'Online'),
('146.64.204.70', 'F8:CA:B8:3A:CD:69', 'SJANUARY-NB1', 'Online'),
('146.64.204.75', 'A4:4C:C8:CF:16:6D', 'VRADZILANI-NB2', 'Online'),
('146.64.204.100', 'F0:1F:AF:1C:7E:7B', 'IDLAMINI-NB1', 'Online'),
('146.64.204.105', '20:47:47:C2:63:CF', 'JPVENTER-NB1', 'Online'),
('146.64.204.89', '', 'MTSHIOLOLI-WS1.csir.co.za', 'Online'),
('146.64.204.48', '50:9A:4C:40:74:34', 'MSEANEGO-WS4', 'Online'),
('146.64.204.55', '00:1E:4F:EF:E3:A8', 'LMALINGA-WS1', 'Online'),
('146.64.204.70', 'F8:CA:B8:3A:CD:69', 'SJANUARY-NB1', 'Online'),
('146.64.204.75', 'A4:4C:C8:CF:16:6D', 'VRADZILANI-NB2', 'Online'),
('146.64.204.100', 'F0:1F:AF:1C:7E:7B', 'IDLAMINI-NB1', 'Online'),
('146.64.204.105', '20:47:47:C2:63:CF', 'JPVENTER-NB1', 'Online'),
('146.64.204.89', '', 'MTSHIOLOLI-WS1.csir.co.za', 'Online'),
('146.64.204.48', '50:9A:4C:40:74:34', 'MSEANEGO-WS4', 'Online'),
('146.64.204.55', '00:1E:4F:EF:E3:A8', 'LMALINGA-WS1', 'Online'),
('146.64.204.70', 'F8:CA:B8:3A:CD:69', 'SJANUARY-NB1', 'Online'),
('146.64.204.75', 'A4:4C:C8:CF:16:6D', 'VRADZILANI-NB2', 'Online'),
('146.64.204.100', 'F0:1F:AF:1C:7E:7B', 'IDLAMINI-NB1', 'Online'),
('146.64.204.105', '20:47:47:C2:63:CF', 'JPVENTER-NB1', 'Online'),
('146.64.204.89', '', 'MTSHIOLOLI-WS1.csir.co.za', 'Online'),
('146.64.204.48', '50:9A:4C:40:74:34', 'MSEANEGO-WS4', 'Online'),
('146.64.204.55', '00:1E:4F:EF:E3:A8', 'LMALINGA-WS1', 'Online'),
('146.64.204.70', 'F8:CA:B8:3A:CD:69', 'SJANUARY-NB1', 'Online'),
('146.64.204.75', 'A4:4C:C8:CF:16:6D', 'VRADZILANI-NB2', 'Online'),
('146.64.204.100', 'F0:1F:AF:1C:7E:7B', 'IDLAMINI-NB1', 'Online'),
('146.64.204.105', '20:47:47:C2:63:CF', 'JPVENTER-NB1', 'Online'),
('146.64.204.89', '', 'MTSHIOLOLI-WS1.csir.co.za', 'Online'),
('146.64.204.48', '50:9A:4C:40:74:34', 'MSEANEGO-WS4', 'Online'),
('146.64.204.55', '00:1E:4F:EF:E3:A8', 'LMALINGA-WS1', 'Online'),
('146.64.204.70', 'F8:CA:B8:3A:CD:69', 'SJANUARY-NB1', 'Online'),
('146.64.204.75', 'A4:4C:C8:CF:16:6D', 'VRADZILANI-NB2', 'Online'),
('146.64.204.100', 'F0:1F:AF:1C:7E:7B', 'IDLAMINI-NB1', 'Online'),
('146.64.204.105', '20:47:47:C2:63:CF', 'JPVENTER-NB1', 'Online'),
('146.64.204.89', '', 'MTSHIOLOLI-WS1.csir.co.za', 'Online'),
('146.64.204.48', '50:9A:4C:40:74:34', 'MSEANEGO-WS4', 'Online'),
('146.64.204.55', '00:1E:4F:EF:E3:A8', 'LMALINGA-WS1', 'Online'),
('146.64.204.70', 'F8:CA:B8:3A:CD:69', 'SJANUARY-NB1', 'Online'),
('146.64.204.75', 'A4:4C:C8:CF:16:6D', 'VRADZILANI-NB2', 'Online'),
('146.64.204.100', 'F0:1F:AF:1C:7E:7B', 'IDLAMINI-NB1', 'Online'),
('146.64.204.105', '20:47:47:C2:63:CF', 'JPVENTER-NB1', 'Online'),
('146.64.204.89', '', 'MTSHIOLOLI-WS1.csir.co.za', 'Online'),
('146.64.204.48', '50:9A:4C:40:74:34', 'MSEANEGO-WS4', 'Online'),
('146.64.204.55', '00:1E:4F:EF:E3:A8', 'LMALINGA-WS1', 'Online'),
('146.64.204.70', 'F8:CA:B8:3A:CD:69', 'SJANUARY-NB1', 'Online'),
('146.64.204.75', 'A4:4C:C8:CF:16:6D', 'VRADZILANI-NB2', 'Online'),
('146.64.204.100', 'F0:1F:AF:1C:7E:7B', 'IDLAMINI-NB1', 'Online'),
('146.64.204.105', '20:47:47:C2:63:CF', 'JPVENTER-NB1', 'Online'),
('146.64.204.89', '', 'MTSHIOLOLI-WS1.csir.co.za', 'Online'),
('146.64.204.48', '50:9A:4C:40:74:34', 'MSEANEGO-WS4', 'Online'),
('146.64.204.55', '00:1E:4F:EF:E3:A8', 'LMALINGA-WS1', 'Online'),
('146.64.204.70', 'F8:CA:B8:3A:CD:69', 'SJANUARY-NB1', 'Online'),
('146.64.204.75', 'A4:4C:C8:CF:16:6D', 'VRADZILANI-NB2', 'Online'),
('146.64.204.100', 'F0:1F:AF:1C:7E:7B', 'IDLAMINI-NB1', 'Online'),
('146.64.204.105', '20:47:47:C2:63:CF', 'JPVENTER-NB1', 'Online'),
('146.64.204.89', '', 'MTSHIOLOLI-WS1.csir.co.za', 'Online'),
('146.64.204.48', '50:9A:4C:40:74:34', 'MSEANEGO-WS4', 'Online'),
('146.64.204.55', '00:1E:4F:EF:E3:A8', 'LMALINGA-WS1', 'Online'),
('146.64.204.70', 'F8:CA:B8:3A:CD:69', 'SJANUARY-NB1', 'Online'),
('146.64.204.75', 'A4:4C:C8:CF:16:6D', 'VRADZILANI-NB2', 'Online'),
('146.64.204.100', 'F0:1F:AF:1C:7E:7B', 'IDLAMINI-NB1', 'Online'),
('146.64.204.105', '20:47:47:C2:63:CF', 'JPVENTER-NB1', 'Online'),
('146.64.204.89', '', 'MTSHIOLOLI-WS1.csir.co.za', 'Online'),
('146.64.204.48', '50:9A:4C:40:74:34', 'MSEANEGO-WS4', 'Online'),
('146.64.204.55', '00:1E:4F:EF:E3:A8', 'LMALINGA-WS1', 'Online'),
('146.64.204.70', 'F8:CA:B8:3A:CD:69', 'SJANUARY-NB1', 'Online'),
('146.64.204.75', 'A4:4C:C8:CF:16:6D', 'VRADZILANI-NB2', 'Online'),
('146.64.204.100', 'F0:1F:AF:1C:7E:7B', 'IDLAMINI-NB1', 'Online'),
('146.64.204.105', '20:47:47:C2:63:CF', 'JPVENTER-NB1', 'Online'),
('146.64.204.89', '', 'MTSHIOLOLI-WS1.csir.co.za', 'Online'),
('146.64.204.48', '50:9A:4C:40:74:34', 'MSEANEGO-WS4', 'Online'),
('146.64.204.55', '00:1E:4F:EF:E3:A8', 'LMALINGA-WS1', 'Online'),
('146.64.204.70', 'F8:CA:B8:3A:CD:69', 'SJANUARY-NB1', 'Online'),
('146.64.204.75', 'A4:4C:C8:CF:16:6D', 'VRADZILANI-NB2', 'Online'),
('146.64.204.100', 'F0:1F:AF:1C:7E:7B', 'IDLAMINI-NB1', 'Online'),
('146.64.204.105', '20:47:47:C2:63:CF', 'JPVENTER-NB1', 'Online'),
('146.64.204.89', '', 'MTSHIOLOLI-WS1.csir.co.za', 'Online'),
('146.64.204.48', '50:9A:4C:40:74:34', 'MSEANEGO-WS4', 'Online'),
('146.64.204.55', '00:1E:4F:EF:E3:A8', 'LMALINGA-WS1', 'Online'),
('146.64.204.70', 'F8:CA:B8:3A:CD:69', 'SJANUARY-NB1', 'Online'),
('146.64.204.75', 'A4:4C:C8:CF:16:6D', 'VRADZILANI-NB2', 'Online'),
('146.64.204.100', 'F0:1F:AF:1C:7E:7B', 'IDLAMINI-NB1', 'Online'),
('146.64.204.105', '20:47:47:C2:63:CF', 'JPVENTER-NB1', 'Online'),
('146.64.204.89', '', 'MTSHIOLOLI-WS1.csir.co.za', 'Online'),
('146.64.204.48', '50:9A:4C:40:74:34', 'MSEANEGO-WS4', 'Online'),
('146.64.204.55', '00:1E:4F:EF:E3:A8', 'LMALINGA-WS1', 'Online'),
('146.64.204.70', 'F8:CA:B8:3A:CD:69', 'SJANUARY-NB1', 'Online'),
('146.64.204.75', 'A4:4C:C8:CF:16:6D', 'VRADZILANI-NB2', 'Online'),
('146.64.204.100', 'F0:1F:AF:1C:7E:7B', 'IDLAMINI-NB1', 'Online'),
('146.64.204.105', '20:47:47:C2:63:CF', 'JPVENTER-NB1', 'Online'),
('146.64.204.89', '', 'MTSHIOLOLI-WS1.csir.co.za', 'Online'),
('146.64.204.48', '50:9A:4C:40:74:34', 'MSEANEGO-WS4', 'Online'),
('146.64.204.55', '00:1E:4F:EF:E3:A8', 'LMALINGA-WS1', 'Online'),
('146.64.204.70', 'F8:CA:B8:3A:CD:69', 'SJANUARY-NB1', 'Online'),
('146.64.204.75', 'A4:4C:C8:CF:16:6D', 'VRADZILANI-NB2', 'Online'),
('146.64.204.100', 'F0:1F:AF:1C:7E:7B', 'IDLAMINI-NB1', 'Online'),
('146.64.204.105', '20:47:47:C2:63:CF', 'JPVENTER-NB1', 'Online'),
('146.64.204.89', '', 'MTSHIOLOLI-WS1.csir.co.za', 'Online'),
('146.64.204.48', '50:9A:4C:40:74:34', 'MSEANEGO-WS4', 'Online'),
('146.64.204.55', '00:1E:4F:EF:E3:A8', 'LMALINGA-WS1', 'Online'),
('146.64.204.70', 'F8:CA:B8:3A:CD:69', 'SJANUARY-NB1', 'Online'),
('146.64.204.75', 'A4:4C:C8:CF:16:6D', 'VRADZILANI-NB2', 'Online'),
('146.64.204.100', 'F0:1F:AF:1C:7E:7B', 'IDLAMINI-NB1', 'Online'),
('146.64.204.105', '20:47:47:C2:63:CF', 'JPVENTER-NB1', 'Online'),
('146.64.204.89', '', 'MTSHIOLOLI-WS1.csir.co.za', 'Online'),
('146.64.204.48', '50:9A:4C:40:74:34', 'MSEANEGO-WS4', 'Online'),
('146.64.204.55', '00:1E:4F:EF:E3:A8', 'LMALINGA-WS1', 'Online'),
('146.64.204.70', 'F8:CA:B8:3A:CD:69', 'SJANUARY-NB1', 'Online'),
('146.64.204.75', 'A4:4C:C8:CF:16:6D', 'VRADZILANI-NB2', 'Online'),
('146.64.204.100', 'F0:1F:AF:1C:7E:7B', 'IDLAMINI-NB1', 'Online'),
('146.64.204.105', '20:47:47:C2:63:CF', 'JPVENTER-NB1', 'Online'),
('146.64.204.89', '', 'MTSHIOLOLI-WS1.csir.co.za', 'Online'),
('146.64.204.48', '50:9A:4C:40:74:34', 'MSEANEGO-WS4', 'Online'),
('146.64.204.55', '00:1E:4F:EF:E3:A8', 'LMALINGA-WS1', 'Online'),
('146.64.204.70', 'F8:CA:B8:3A:CD:69', 'SJANUARY-NB1', 'Online'),
('146.64.204.75', 'A4:4C:C8:CF:16:6D', 'VRADZILANI-NB2', 'Online'),
('146.64.204.100', 'F0:1F:AF:1C:7E:7B', 'IDLAMINI-NB1', 'Online'),
('146.64.204.105', '20:47:47:C2:63:CF', 'JPVENTER-NB1', 'Online'),
('146.64.204.89', '', 'MTSHIOLOLI-WS1.csir.co.za', 'Online'),
('146.64.204.48', '50:9A:4C:40:74:34', 'MSEANEGO-WS4', 'Online'),
('146.64.204.55', '00:1E:4F:EF:E3:A8', 'LMALINGA-WS1', 'Online'),
('146.64.204.70', 'F8:CA:B8:3A:CD:69', 'SJANUARY-NB1', 'Online'),
('146.64.204.75', 'A4:4C:C8:CF:16:6D', 'VRADZILANI-NB2', 'Online'),
('146.64.204.100', 'F0:1F:AF:1C:7E:7B', 'IDLAMINI-NB1', 'Online'),
('146.64.204.105', '20:47:47:C2:63:CF', 'JPVENTER-NB1', 'Online'),
('146.64.204.89', '', 'MTSHIOLOLI-WS1.csir.co.za', 'Online'),
('146.64.204.48', '50:9A:4C:40:74:34', 'MSEANEGO-WS4', 'Online'),
('146.64.204.55', '00:1E:4F:EF:E3:A8', 'LMALINGA-WS1', 'Online'),
('146.64.204.70', 'F8:CA:B8:3A:CD:69', 'SJANUARY-NB1', 'Online'),
('146.64.204.75', 'A4:4C:C8:CF:16:6D', 'VRADZILANI-NB2', 'Online'),
('146.64.204.100', 'F0:1F:AF:1C:7E:7B', 'IDLAMINI-NB1', 'Online'),
('146.64.204.105', '20:47:47:C2:63:CF', 'JPVENTER-NB1', 'Online'),
('146.64.204.89', '', 'MTSHIOLOLI-WS1.csir.co.za', 'Online'),
('146.64.204.48', '50:9A:4C:40:74:34', 'MSEANEGO-WS4', 'Online'),
('146.64.204.55', '00:1E:4F:EF:E3:A8', 'LMALINGA-WS1', 'Online'),
('146.64.204.70', 'F8:CA:B8:3A:CD:69', 'SJANUARY-NB1', 'Online'),
('146.64.204.75', 'A4:4C:C8:CF:16:6D', 'VRADZILANI-NB2', 'Online'),
('146.64.204.100', 'F0:1F:AF:1C:7E:7B', 'IDLAMINI-NB1', 'Online'),
('146.64.204.105', '20:47:47:C2:63:CF', 'JPVENTER-NB1', 'Online'),
('146.64.204.89', '', 'MTSHIOLOLI-WS1.csir.co.za', 'Online'),
('146.64.204.55', '00:1E:4F:EF:E3:A8', 'LMALINGA-WS1', 'Online'),
('146.64.204.75', 'A4:4C:C8:CF:16:6D', 'VRADZILANI-NB2', 'Online'),
('146.64.204.55', '00:1E:4F:EF:E3:A8', 'LMALINGA-WS1', 'Online'),
('146.64.204.75', 'A4:4C:C8:CF:16:6D', 'VRADZILANI-NB2', 'Online'),
('146.64.204.89', '', 'MTSHIOLOLI-WS1.csir.co.za', 'Online'),
('146.64.204.55', '00:1E:4F:EF:E3:A8', 'LMALINGA-WS1', 'Online'),
('146.64.204.75', 'A4:4C:C8:CF:16:6D', 'VRADZILANI-NB2', 'Online'),
('146.64.204.100', 'F0:1F:AF:1C:7E:7B', 'IDLAMINI-NB1', 'Online'),
('146.64.204.89', '', 'MTSHIOLOLI-WS1.csir.co.za', 'Online'),
('146.64.204.55', '00:1E:4F:EF:E3:A8', 'LMALINGA-WS1', 'Online'),
('146.64.204.75', 'A4:4C:C8:CF:16:6D', 'VRADZILANI-NB2', 'Online'),
('146.64.204.100', 'F0:1F:AF:1C:7E:7B', 'IDLAMINI-NB1', 'Online'),
('146.64.204.89', '', 'MTSHIOLOLI-WS1.csir.co.za', 'Online'),
('146.64.204.55', '00:1E:4F:EF:E3:A8', 'LMALINGA-WS1', 'Online'),
('146.64.204.70', 'F8:CA:B8:3A:CD:69', 'SJANUARY-NB1', 'Online'),
('146.64.204.75', 'A4:4C:C8:CF:16:6D', 'VRADZILANI-NB2', 'Online'),
('146.64.204.55', '00:1E:4F:EF:E3:A8', 'LMALINGA-WS1', 'Online'),
('146.64.204.70', 'F8:CA:B8:3A:CD:69', 'SJANUARY-NB1', 'Online'),
('146.64.204.75', 'A4:4C:C8:CF:16:6D', 'VRADZILANI-NB2', 'Online'),
('146.64.204.100', 'F0:1F:AF:1C:7E:7B', 'IDLAMINI-NB1', 'Online'),
('146.64.204.89', '', 'MTSHIOLOLI-WS1.csir.co.za', 'Online'),
('146.64.204.55', '00:1E:4F:EF:E3:A8', 'LMALINGA-WS1', 'Online'),
('146.64.204.70', 'F8:CA:B8:3A:CD:69', 'SJANUARY-NB1', 'Online'),
('146.64.204.75', 'A4:4C:C8:CF:16:6D', 'VRADZILANI-NB2', 'Online'),
('146.64.204.100', 'F0:1F:AF:1C:7E:7B', 'IDLAMINI-NB1', 'Online'),
('146.64.204.89', '', 'MTSHIOLOLI-WS1.csir.co.za', 'Online'),
('146.64.204.55', '00:1E:4F:EF:E3:A8', 'LMALINGA-WS1', 'Online'),
('146.64.204.70', 'F8:CA:B8:3A:CD:69', 'SJANUARY-NB1', 'Online'),
('146.64.204.75', 'A4:4C:C8:CF:16:6D', 'VRADZILANI-NB2', 'Online'),
('146.64.204.100', 'F0:1F:AF:1C:7E:7B', 'IDLAMINI-NB1', 'Online'),
('146.64.204.89', '', 'MTSHIOLOLI-WS1.csir.co.za', 'Online'),
('146.64.204.55', '00:1E:4F:EF:E3:A8', 'LMALINGA-WS1', 'Online'),
('146.64.204.70', 'F8:CA:B8:3A:CD:69', 'SJANUARY-NB1', 'Online'),
('146.64.204.75', 'A4:4C:C8:CF:16:6D', 'VRADZILANI-NB2', 'Online'),
('146.64.204.100', 'F0:1F:AF:1C:7E:7B', 'IDLAMINI-NB1', 'Online'),
('146.64.204.89', '', 'MTSHIOLOLI-WS1.csir.co.za', 'Online'),
('146.64.204.55', '00:1E:4F:EF:E3:A8', 'LMALINGA-WS1', 'Online'),
('146.64.204.70', 'F8:CA:B8:3A:CD:69', 'SJANUARY-NB1', 'Online'),
('146.64.204.75', 'A4:4C:C8:CF:16:6D', 'VRADZILANI-NB2', 'Online'),
('146.64.204.100', 'F0:1F:AF:1C:7E:7B', 'IDLAMINI-NB1', 'Online'),
('146.64.204.89', '', 'MTSHIOLOLI-WS1.csir.co.za', 'Online'),
('146.64.204.55', '00:1E:4F:EF:E3:A8', 'LMALINGA-WS1', 'Online'),
('146.64.204.70', 'F8:CA:B8:3A:CD:69', 'SJANUARY-NB1', 'Online'),
('146.64.204.75', 'A4:4C:C8:CF:16:6D', 'VRADZILANI-NB2', 'Online'),
('146.64.204.100', 'F0:1F:AF:1C:7E:7B', 'IDLAMINI-NB1', 'Online'),
('146.64.204.89', '', 'MTSHIOLOLI-WS1.csir.co.za', 'Online'),
('146.64.204.55', '00:1E:4F:EF:E3:A8', 'LMALINGA-WS1', 'Online'),
('146.64.204.70', 'F8:CA:B8:3A:CD:69', 'SJANUARY-NB1', 'Online'),
('146.64.204.75', 'A4:4C:C8:CF:16:6D', 'VRADZILANI-NB2', 'Online'),
('146.64.204.100', 'F0:1F:AF:1C:7E:7B', 'IDLAMINI-NB1', 'Online'),
('146.64.204.89', '', 'MTSHIOLOLI-WS1.csir.co.za', 'Online'),
('146.64.204.55', '00:1E:4F:EF:E3:A8', 'LMALINGA-WS1', 'Online'),
('146.64.204.70', 'F8:CA:B8:3A:CD:69', 'SJANUARY-NB1', 'Online'),
('146.64.204.75', 'A4:4C:C8:CF:16:6D', 'VRADZILANI-NB2', 'Online'),
('146.64.204.100', 'F0:1F:AF:1C:7E:7B', 'IDLAMINI-NB1', 'Online'),
('146.64.204.89', '', 'MTSHIOLOLI-WS1.csir.co.za', 'Online'),
('146.64.204.55', '00:1E:4F:EF:E3:A8', 'LMALINGA-WS1', 'Online'),
('146.64.204.70', 'F8:CA:B8:3A:CD:69', 'SJANUARY-NB1', 'Online'),
('146.64.204.75', 'A4:4C:C8:CF:16:6D', 'VRADZILANI-NB2', 'Online'),
('146.64.204.100', 'F0:1F:AF:1C:7E:7B', 'IDLAMINI-NB1', 'Online'),
('146.64.204.89', '', 'MTSHIOLOLI-WS1.csir.co.za', 'Online'),
('146.64.204.55', '00:1E:4F:EF:E3:A8', 'LMALINGA-WS1', 'Online'),
('146.64.204.70', 'F8:CA:B8:3A:CD:69', 'SJANUARY-NB1', 'Online'),
('146.64.204.75', 'A4:4C:C8:CF:16:6D', 'VRADZILANI-NB2', 'Online'),
('146.64.204.100', 'F0:1F:AF:1C:7E:7B', 'IDLAMINI-NB1', 'Online'),
('146.64.204.89', '', 'MTSHIOLOLI-WS1.csir.co.za', 'Online'),
('146.64.204.55', '00:1E:4F:EF:E3:A8', 'LMALINGA-WS1', 'Online'),
('146.64.204.70', 'F8:CA:B8:3A:CD:69', 'SJANUARY-NB1', 'Online'),
('146.64.204.75', 'A4:4C:C8:CF:16:6D', 'VRADZILANI-NB2', 'Online'),
('146.64.204.100', 'F0:1F:AF:1C:7E:7B', 'IDLAMINI-NB1', 'Online'),
('146.64.204.89', '', 'MTSHIOLOLI-WS1.csir.co.za', 'Online'),
('146.64.204.55', '00:1E:4F:EF:E3:A8', 'LMALINGA-WS1', 'Online'),
('146.64.204.70', 'F8:CA:B8:3A:CD:69', 'SJANUARY-NB1', 'Online'),
('146.64.204.75', 'A4:4C:C8:CF:16:6D', 'VRADZILANI-NB2', 'Online'),
('146.64.204.100', 'F0:1F:AF:1C:7E:7B', 'IDLAMINI-NB1', 'Online'),
('146.64.204.89', '', 'MTSHIOLOLI-WS1.csir.co.za', 'Online'),
('146.64.204.55', '00:1E:4F:EF:E3:A8', 'LMALINGA-WS1', 'Online'),
('146.64.204.70', 'F8:CA:B8:3A:CD:69', 'SJANUARY-NB1', 'Online'),
('146.64.204.75', 'A4:4C:C8:CF:16:6D', 'VRADZILANI-NB2', 'Online'),
('146.64.204.100', 'F0:1F:AF:1C:7E:7B', 'IDLAMINI-NB1', 'Online'),
('146.64.204.89', '', 'MTSHIOLOLI-WS1.csir.co.za', 'Online'),
('146.64.204.55', '00:1E:4F:EF:E3:A8', 'LMALINGA-WS1', 'Online'),
('146.64.204.70', 'F8:CA:B8:3A:CD:69', 'SJANUARY-NB1', 'Online'),
('146.64.204.75', 'A4:4C:C8:CF:16:6D', 'VRADZILANI-NB2', 'Online'),
('146.64.204.100', 'F0:1F:AF:1C:7E:7B', 'IDLAMINI-NB1', 'Online'),
('146.64.204.89', '', 'MTSHIOLOLI-WS1.csir.co.za', 'Online'),
('146.64.204.55', '00:1E:4F:EF:E3:A8', 'LMALINGA-WS1', 'Online'),
('146.64.204.70', 'F8:CA:B8:3A:CD:69', 'SJANUARY-NB1', 'Online'),
('146.64.204.75', 'A4:4C:C8:CF:16:6D', 'VRADZILANI-NB2', 'Online'),
('146.64.204.100', 'F0:1F:AF:1C:7E:7B', 'IDLAMINI-NB1', 'Online'),
('146.64.204.89', '', 'MTSHIOLOLI-WS1.csir.co.za', 'Online'),
('146.64.204.55', '00:1E:4F:EF:E3:A8', 'LMALINGA-WS1', 'Online'),
('146.64.204.70', 'F8:CA:B8:3A:CD:69', 'SJANUARY-NB1', 'Online'),
('146.64.204.75', 'A4:4C:C8:CF:16:6D', 'VRADZILANI-NB2', 'Online'),
('146.64.204.100', 'F0:1F:AF:1C:7E:7B', 'IDLAMINI-NB1', 'Online'),
('146.64.204.89', '', 'MTSHIOLOLI-WS1.csir.co.za', 'Online'),
('146.64.204.55', '00:1E:4F:EF:E3:A8', 'LMALINGA-WS1', 'Online'),
('146.64.204.70', 'F8:CA:B8:3A:CD:69', 'SJANUARY-NB1', 'Online'),
('146.64.204.75', 'A4:4C:C8:CF:16:6D', 'VRADZILANI-NB2', 'Online'),
('146.64.204.100', 'F0:1F:AF:1C:7E:7B', 'IDLAMINI-NB1', 'Online'),
('146.64.204.89', '', 'MTSHIOLOLI-WS1.csir.co.za', 'Online'),
('146.64.204.55', '00:1E:4F:EF:E3:A8', 'LMALINGA-WS1', 'Online'),
('146.64.204.70', 'F8:CA:B8:3A:CD:69', 'SJANUARY-NB1', 'Online'),
('146.64.204.75', 'A4:4C:C8:CF:16:6D', 'VRADZILANI-NB2', 'Online'),
('146.64.204.100', 'F0:1F:AF:1C:7E:7B', 'IDLAMINI-NB1', 'Online'),
('146.64.204.89', '', 'MTSHIOLOLI-WS1.csir.co.za', 'Online'),
('146.64.204.55', '00:1E:4F:EF:E3:A8', 'LMALINGA-WS1', 'Online'),
('146.64.204.70', 'F8:CA:B8:3A:CD:69', 'SJANUARY-NB1', 'Online'),
('146.64.204.75', 'A4:4C:C8:CF:16:6D', 'VRADZILANI-NB2', 'Online'),
('146.64.204.100', 'F0:1F:AF:1C:7E:7B', 'IDLAMINI-NB1', 'Online'),
('146.64.204.89', '', 'MTSHIOLOLI-WS1.csir.co.za', 'Online'),
('146.64.204.55', '00:1E:4F:EF:E3:A8', 'LMALINGA-WS1', 'Online'),
('146.64.204.70', 'F8:CA:B8:3A:CD:69', 'SJANUARY-NB1', 'Online'),
('146.64.204.75', 'A4:4C:C8:CF:16:6D', 'VRADZILANI-NB2', 'Online'),
('146.64.204.100', 'F0:1F:AF:1C:7E:7B', 'IDLAMINI-NB1', 'Online'),
('146.64.204.89', '', 'MTSHIOLOLI-WS1.csir.co.za', 'Online'),
('146.64.204.55', '00:1E:4F:EF:E3:A8', 'LMALINGA-WS1', 'Online'),
('146.64.204.70', 'F8:CA:B8:3A:CD:69', 'SJANUARY-NB1', 'Online'),
('146.64.204.75', 'A4:4C:C8:CF:16:6D', 'VRADZILANI-NB2', 'Online'),
('146.64.204.100', 'F0:1F:AF:1C:7E:7B', 'IDLAMINI-NB1', 'Online'),
('146.64.204.89', '', 'MTSHIOLOLI-WS1.csir.co.za', 'Online'),
('146.64.204.55', '00:1E:4F:EF:E3:A8', 'LMALINGA-WS1', 'Online'),
('146.64.204.70', 'F8:CA:B8:3A:CD:69', 'SJANUARY-NB1', 'Online'),
('146.64.204.75', 'A4:4C:C8:CF:16:6D', 'VRADZILANI-NB2', 'Online'),
('146.64.204.100', 'F0:1F:AF:1C:7E:7B', 'IDLAMINI-NB1', 'Online'),
('146.64.204.89', '', 'MTSHIOLOLI-WS1.csir.co.za', 'Online'),
('146.64.204.55', '00:1E:4F:EF:E3:A8', 'LMALINGA-WS1', 'Online'),
('146.64.204.70', 'F8:CA:B8:3A:CD:69', 'SJANUARY-NB1', 'Online'),
('146.64.204.75', 'A4:4C:C8:CF:16:6D', 'VRADZILANI-NB2', 'Online'),
('146.64.204.100', 'F0:1F:AF:1C:7E:7B', 'IDLAMINI-NB1', 'Online'),
('146.64.204.89', '', 'MTSHIOLOLI-WS1.csir.co.za', 'Online');

-- --------------------------------------------------------

--
-- Table structure for table `port`
--

CREATE TABLE `port` (
  `IP_Address` varchar(25) NOT NULL,
  `PC_Name` varchar(25) NOT NULL,
  `ports` varchar(50000) NOT NULL,
  `P_name` varchar(25) NOT NULL,
  `Product` varchar(80) NOT NULL
) ENGINE=InnoDB DEFAULT CHARSET=latin1;

--
-- Dumping data for table `port`
--

INSERT INTO `port` (`IP_Address`, `PC_Name`, `ports`, `P_name`, `Product`) VALUES
('146.64.204.100', 'IDLAMINI-NB1', '80', 'http', ''),
('146.64.204.100', 'IDLAMINI-NB1', '443', 'https', ''),
('146.64.204.100', 'IDLAMINI-NB1', '2492', 'groove', ''),
('146.64.204.100', 'IDLAMINI-NB1', '5357', 'http', 'Microsoft HTTPAPI httpd'),
('146.64.204.100', 'IDLAMINI-NB1', '5950', 'vnc', 'VNC'),
('146.64.204.100', 'IDLAMINI-NB1', '8194', 'giop', 'omg.org CORBA naming service'),
('146.64.204.101', '146.64.204.101', '5950', 'vnc', 'VNC'),
('146.64.204.101', '146.64.204.101', '8194', 'giop', 'omg.org CORBA naming service'),
('146.64.204.104', '146.64.204.104', '5950', 'vnc', 'VNC'),
('146.64.204.104', '146.64.204.104', '8194', 'giop', 'omg.org CORBA naming service'),
('146.64.204.106', '146.64.204.106', '5950', 'vnc', 'VNC'),
('146.64.204.106', '146.64.204.106', '8194', 'giop', 'omg.org CORBA naming service'),
('146.64.204.108', '146.64.204.108', '80', 'http', 'Apache httpd'),
('146.64.204.108', '146.64.204.108', '443', 'http', 'Apache httpd'),
('146.64.204.108', '146.64.204.108', '554', 'rtsp', ''),
('146.64.204.108', '146.64.204.108', '2869', 'http', 'Microsoft HTTPAPI httpd'),
('146.64.204.108', '146.64.204.108', '3306', 'mysql', 'MariaDB'),
('146.64.204.108', '146.64.204.108', '5950', 'vnc', 'VNC'),
('146.64.204.108', '146.64.204.108', '8194', 'giop', 'omg.org CORBA naming service'),
('146.64.204.108', '146.64.204.108', '10243', 'http', 'Microsoft HTTPAPI httpd'),
('146.64.204.53', '146.64.204.53', '5950', 'vnc', 'VNC'),
('146.64.204.53', '146.64.204.53', '8194', 'giop', 'omg.org CORBA naming service'),
('146.64.204.54', 'MACBOOKPRO-15E5', '3689', 'daap', 'Apple iTunes DAAP'),
('146.64.204.55', 'LMALINGA-WS1', '912', 'vmware-auth', 'VMware Authentication Daemon'),
('146.64.204.55', 'LMALINGA-WS1', '5000', 'http', 'nginx'),
('146.64.204.55', 'LMALINGA-WS1', '5001', 'http', 'nginx'),
('146.64.204.55', 'LMALINGA-WS1', '5060', 'sip-proxy', '3CX PhoneSystem PBX'),
('146.64.204.55', 'LMALINGA-WS1', '5357', 'http', 'Microsoft HTTPAPI httpd'),
('146.64.204.55', 'LMALINGA-WS1', '5950', 'vnc', 'VNC'),
('146.64.204.55', 'LMALINGA-WS1', '8194', 'giop', 'omg.org CORBA naming service'),
('146.64.204.70', 'SJANUARY-NB1', '135', 'msrpc', 'Microsoft Windows RPC'),
('146.64.204.70', 'SJANUARY-NB1', '139', 'netbios-ssn', 'Microsoft Windows netbios-ssn'),
('146.64.204.70', 'SJANUARY-NB1', '445', 'microsoft-ds', 'Microsoft Windows 7 - 10 microsoft-ds'),
('146.64.204.70', 'SJANUARY-NB1', '2869', 'http', 'Microsoft HTTPAPI httpd'),
('146.64.204.70', 'SJANUARY-NB1', '5357', 'http', 'Microsoft HTTPAPI httpd'),
('146.64.204.70', 'SJANUARY-NB1', '5950', 'vnc', 'VNC'),
('146.64.204.70', 'SJANUARY-NB1', '8194', 'giop', 'omg.org CORBA naming service'),
('146.64.204.75', 'VRADZILANI-NB2', '5357', 'http', 'Microsoft HTTPAPI httpd'),
('146.64.204.75', 'VRADZILANI-NB2', '5950', 'vnc', 'VNC'),
('146.64.204.75', 'VRADZILANI-NB2', '8194', 'giop', 'omg.org CORBA naming service'),
('146.64.204.80', '146.64.204.80', '5950', 'vnc', 'VNC'),
('146.64.204.80', '146.64.204.80', '8194', 'giop', 'omg.org CORBA naming service'),
('146.64.204.89', 'MTSHIOLOLI-WS1.csir.co.za', '80', 'http', 'Apache httpd'),
('146.64.204.89', 'MTSHIOLOLI-WS1.csir.co.za', '135', 'msrpc', 'Microsoft Windows RPC'),
('146.64.204.89', 'MTSHIOLOLI-WS1.csir.co.za', '139', 'netbios-ssn', 'Microsoft Windows netbios-ssn'),
('146.64.204.89', 'MTSHIOLOLI-WS1.csir.co.za', '443', 'http', 'Apache httpd'),
('146.64.204.89', 'MTSHIOLOLI-WS1.csir.co.za', '445', 'microsoft-ds', 'Microsoft Windows 7 - 10 microsoft-ds'),
('146.64.204.89', 'MTSHIOLOLI-WS1.csir.co.za', '1025', 'msrpc', 'Microsoft Windows RPC'),
('146.64.204.89', 'MTSHIOLOLI-WS1.csir.co.za', '1026', 'msrpc', 'Microsoft Windows RPC'),
('146.64.204.89', 'MTSHIOLOLI-WS1.csir.co.za', '1027', 'msrpc', 'Microsoft Windows RPC'),
('146.64.204.89', 'MTSHIOLOLI-WS1.csir.co.za', '1028', 'msrpc', 'Microsoft Windows RPC'),
('146.64.204.89', 'MTSHIOLOLI-WS1.csir.co.za', '1029', 'msrpc', 'Microsoft Windows RPC'),
('146.64.204.89', 'MTSHIOLOLI-WS1.csir.co.za', '1049', 'msrpc', 'Microsoft Windows RPC'),
('146.64.204.89', 'MTSHIOLOLI-WS1.csir.co.za', '3306', 'mysql', 'MariaDB'),
('146.64.204.89', 'MTSHIOLOLI-WS1.csir.co.za', '5950', 'vnc', 'VNC'),
('146.64.204.89', 'MTSHIOLOLI-WS1.csir.co.za', '8192', 'sophos', 'Sophos Message Router'),
('146.64.204.89', 'MTSHIOLOLI-WS1.csir.co.za', '8193', 'tcpwrapped', ''),
('146.64.204.89', 'MTSHIOLOLI-WS1.csir.co.za', '8194', 'giop', 'omg.org CORBA naming service'),
('146.64.204.89', 'MTSHIOLOLI-WS1.csir.co.za', '50000', 'rmiregistry', 'Java RMI'),
('146.64.204.93', '146.64.204.93', '5950', 'vnc', 'VNC'),
('146.64.204.93', '146.64.204.93', '8194', 'giop', 'omg.org CORBA naming service'),
('146.64.204.100', 'IDLAMINI-NB1', '80', 'http', ''),
('146.64.204.100', 'IDLAMINI-NB1', '443', 'https', ''),
('146.64.204.100', 'IDLAMINI-NB1', '2492', 'groove', ''),
('146.64.204.100', 'IDLAMINI-NB1', '5357', 'http', 'Microsoft HTTPAPI httpd'),
('146.64.204.100', 'IDLAMINI-NB1', '5950', 'vnc', 'VNC'),
('146.64.204.100', 'IDLAMINI-NB1', '8194', 'giop', 'omg.org CORBA naming service'),
('146.64.204.101', '146.64.204.101', '5950', 'vnc', 'VNC'),
('146.64.204.101', '146.64.204.101', '8194', 'giop', 'omg.org CORBA naming service'),
('146.64.204.104', '146.64.204.104', '5950', 'vnc', 'VNC'),
('146.64.204.104', '146.64.204.104', '8194', 'giop', 'omg.org CORBA naming service'),
('146.64.204.106', '146.64.204.106', '5950', 'vnc', 'VNC'),
('146.64.204.106', '146.64.204.106', '8194', 'giop', 'omg.org CORBA naming service'),
('146.64.204.108', '146.64.204.108', '80', 'http', 'Apache httpd'),
('146.64.204.108', '146.64.204.108', '443', 'http', 'Apache httpd'),
('146.64.204.108', '146.64.204.108', '554', 'rtsp', ''),
('146.64.204.108', '146.64.204.108', '2869', 'http', 'Microsoft HTTPAPI httpd'),
('146.64.204.108', '146.64.204.108', '3306', 'mysql', 'MariaDB'),
('146.64.204.108', '146.64.204.108', '5950', 'vnc', 'VNC'),
('146.64.204.108', '146.64.204.108', '8194', 'giop', 'omg.org CORBA naming service'),
('146.64.204.108', '146.64.204.108', '10243', 'http', 'Microsoft HTTPAPI httpd'),
('146.64.204.53', '146.64.204.53', '5950', 'vnc', 'VNC'),
('146.64.204.53', '146.64.204.53', '8194', 'giop', 'omg.org CORBA naming service'),
('146.64.204.54', 'MACBOOKPRO-15E5', '3689', 'daap', 'Apple iTunes DAAP'),
('146.64.204.55', 'LMALINGA-WS1', '912', 'vmware-auth', 'VMware Authentication Daemon'),
('146.64.204.55', 'LMALINGA-WS1', '5000', 'http', 'nginx'),
('146.64.204.55', 'LMALINGA-WS1', '5001', 'http', 'nginx'),
('146.64.204.55', 'LMALINGA-WS1', '5060', 'sip-proxy', '3CX PhoneSystem PBX'),
('146.64.204.55', 'LMALINGA-WS1', '5357', 'http', 'Microsoft HTTPAPI httpd'),
('146.64.204.55', 'LMALINGA-WS1', '5950', 'vnc', 'VNC'),
('146.64.204.55', 'LMALINGA-WS1', '8194', 'giop', 'omg.org CORBA naming service'),
('146.64.204.70', 'SJANUARY-NB1', '135', 'msrpc', 'Microsoft Windows RPC'),
('146.64.204.70', 'SJANUARY-NB1', '139', 'netbios-ssn', 'Microsoft Windows netbios-ssn'),
('146.64.204.70', 'SJANUARY-NB1', '445', 'microsoft-ds', 'Microsoft Windows 7 - 10 microsoft-ds'),
('146.64.204.70', 'SJANUARY-NB1', '2869', 'http', 'Microsoft HTTPAPI httpd'),
('146.64.204.70', 'SJANUARY-NB1', '5357', 'http', 'Microsoft HTTPAPI httpd'),
('146.64.204.70', 'SJANUARY-NB1', '5950', 'vnc', 'VNC'),
('146.64.204.70', 'SJANUARY-NB1', '8194', 'giop', 'omg.org CORBA naming service'),
('146.64.204.75', 'VRADZILANI-NB2', '5357', 'http', 'Microsoft HTTPAPI httpd'),
('146.64.204.75', 'VRADZILANI-NB2', '5950', 'vnc', 'VNC'),
('146.64.204.75', 'VRADZILANI-NB2', '8194', 'giop', 'omg.org CORBA naming service'),
('146.64.204.80', '146.64.204.80', '5950', 'vnc', 'VNC'),
('146.64.204.80', '146.64.204.80', '8194', 'giop', 'omg.org CORBA naming service'),
('146.64.204.89', 'MTSHIOLOLI-WS1.csir.co.za', '80', 'http', 'Apache httpd'),
('146.64.204.89', 'MTSHIOLOLI-WS1.csir.co.za', '135', 'msrpc', 'Microsoft Windows RPC'),
('146.64.204.89', 'MTSHIOLOLI-WS1.csir.co.za', '139', 'netbios-ssn', 'Microsoft Windows netbios-ssn'),
('146.64.204.89', 'MTSHIOLOLI-WS1.csir.co.za', '443', 'http', 'Apache httpd'),
('146.64.204.89', 'MTSHIOLOLI-WS1.csir.co.za', '445', 'microsoft-ds', 'Microsoft Windows 7 - 10 microsoft-ds'),
('146.64.204.89', 'MTSHIOLOLI-WS1.csir.co.za', '1025', 'msrpc', 'Microsoft Windows RPC'),
('146.64.204.89', 'MTSHIOLOLI-WS1.csir.co.za', '1026', 'msrpc', 'Microsoft Windows RPC'),
('146.64.204.89', 'MTSHIOLOLI-WS1.csir.co.za', '1027', 'msrpc', 'Microsoft Windows RPC'),
('146.64.204.89', 'MTSHIOLOLI-WS1.csir.co.za', '1028', 'msrpc', 'Microsoft Windows RPC'),
('146.64.204.89', 'MTSHIOLOLI-WS1.csir.co.za', '1029', 'msrpc', 'Microsoft Windows RPC'),
('146.64.204.89', 'MTSHIOLOLI-WS1.csir.co.za', '1049', 'msrpc', 'Microsoft Windows RPC'),
('146.64.204.89', 'MTSHIOLOLI-WS1.csir.co.za', '3306', 'mysql', 'MariaDB'),
('146.64.204.89', 'MTSHIOLOLI-WS1.csir.co.za', '5950', 'vnc', 'VNC'),
('146.64.204.89', 'MTSHIOLOLI-WS1.csir.co.za', '8192', 'sophos', 'Sophos Message Router'),
('146.64.204.89', 'MTSHIOLOLI-WS1.csir.co.za', '8193', 'tcpwrapped', ''),
('146.64.204.89', 'MTSHIOLOLI-WS1.csir.co.za', '8194', 'giop', 'omg.org CORBA naming service'),
('146.64.204.89', 'MTSHIOLOLI-WS1.csir.co.za', '50000', 'rmiregistry', 'Java RMI'),
('146.64.204.91', '146.64.204.91', '5950', 'vnc', 'VNC'),
('146.64.204.91', '146.64.204.91', '8194', 'giop', 'omg.org CORBA naming service'),
('146.64.204.93', '146.64.204.93', '5950', 'vnc', 'VNC'),
('146.64.204.93', '146.64.204.93', '8194', 'giop', 'omg.org CORBA naming service'),
('146.64.204.100', '', '80', 'http', '');

-- --------------------------------------------------------

--
-- Table structure for table `pot`
--

CREATE TABLE `pot` (
  `IP_Address` varchar(25) NOT NULL,
  `Status` varchar(10) NOT NULL,
  `ports` varchar(225) NOT NULL,
  `total` varchar(25) NOT NULL
) ENGINE=InnoDB DEFAULT CHARSET=latin1;

--
-- Indexes for dumped tables
--

--
-- Indexes for table `django_migrations`
--
ALTER TABLE `django_migrations`
  ADD PRIMARY KEY (`id`);

--
-- AUTO_INCREMENT for dumped tables
--

--
-- AUTO_INCREMENT for table `django_migrations`
--
ALTER TABLE `django_migrations`
  MODIFY `id` int(11) NOT NULL AUTO_INCREMENT;COMMIT;

/*!40101 SET CHARACTER_SET_CLIENT=@OLD_CHARACTER_SET_CLIENT */;
/*!40101 SET CHARACTER_SET_RESULTS=@OLD_CHARACTER_SET_RESULTS */;
/*!40101 SET COLLATION_CONNECTION=@OLD_COLLATION_CONNECTION */;
